folder_name,source_url
game1,http://133.167.32.100/aiwolf/2025/INLG/MainTruck5/log/1756195297_CamelliaDragons_Character-Lab_GPTaku_kanolab-nw_mille.log
game2,http://133.167.32.100/aiwolf/2025/INLG/MainTruck5/log/1756182309_CanisLupus_Character-Lab_GPTaku_mille_sunamelli.log
game3,http://133.167.32.100/aiwolf/2025/INLG/MainTruck5/log/1756240281_CamelliaDragons_CanisLupus_Character-Lab_kanolab-nw_yharada.log
game4,http://133.167.32.100/aiwolf/2025/INLG/MainTruck5/log/1756220999_Character-Lab_GPTaku_kanolab-nw_sunamelli_yharada.log
game5,http://133.167.32.100/aiwolf/2025/INLG/MainTruck5/log/1756215570_Character-Lab_GPTaku_kanolab-nw_mille_yharada.log
game6,http://133.167.32.100/aiwolf/2025/INLG/MainTruck5/log/1756214123_GPTaku_kanolab-nw_mille_sunamelli_yharada.log
game7,http://133.167.32.100/aiwolf/2025/INLG/MainTruck5/log/1756197842_CamelliaDragons_Character-Lab_kanolab-nw_mille_sunamelli.log
game8,http://133.167.32.100/aiwolf/2025/INLG/MainTruck5/log/1756202882_CamelliaDragons_Character-Lab_GPTaku_kanolab-nw_mille.log
game9,http://133.167.32.100/aiwolf/2025/INLG/MainTruck5/log/1756222387_Character-Lab_kanolab-nw_mille_sunamelli_yharada.log
game10,http://133.167.32.100/aiwolf/2025/INLG/MainTruck5/log/1756225570_CanisLupus_Character-Lab_GPTaku_mille_yharada.log
game11,http://133.167.32.100/aiwolf/2025/INLG/MainTruck5/log/1756238902_CanisLupus_Character-Lab_GPTaku_kanolab-nw_yharada.log
game12,http://133.167.32.100/aiwolf/2025/INLG/MainTruck5/log/1756253491_CanisLupus_Character-Lab_GPTaku_mille_yharada.log
game13,http://133.167.32.100/aiwolf/2025/INLG/MainTruck5/log/1756201253_CamelliaDragons_CanisLupus_Character-Lab_kanolab-nw_mille.log
game14,http://133.167.32.100/aiwolf/2025/INLG/MainTruck5/log/1756202017_CanisLupus_Character-Lab_GPTaku_kanolab-nw_mille.log
game15,http://133.167.32.100/aiwolf/2025/INLG/MainTruck5/log/1756233214_CanisLupus_Character-Lab_GPTaku_sunamelli_yharada.log
game16,http://133.167.32.100/aiwolf/2025/INLG/MainTruck5/log/1756194831_CamelliaDragons_CanisLupus_GPTaku_kanolab-nw_sunamelli.log
game17,http://133.167.32.100/aiwolf/2025/INLG/MainTruck5/log/1756221751_CamelliaDragons_Character-Lab_GPTaku_sunamelli_yharada.log
game18,http://133.167.32.100/aiwolf/2025/INLG/MainTruck5/log/1756251545_CanisLupus_Character-Lab_kanolab-nw_sunamelli_yharada.log
game19,http://133.167.32.100/aiwolf/2025/INLG/MainTruck5/log/1756247048_CamelliaDragons_Character-Lab_GPTaku_mille_yharada.log
game20,http://133.167.32.100/aiwolf/2025/INLG/MainTruck5/log/1756210387_CamelliaDragons_Character-Lab_GPTaku_kanolab-nw_mille.log
game21,http://133.167.32.100/aiwolf/2025/INLG/MainTruck5/log/1756238124_Character-Lab_GPTaku_kanolab-nw_sunamelli_yharada.log
game22,http://133.167.32.100/aiwolf/2025/INLG/MainTruck5/log/1756184279_CamelliaDragons_CanisLupus_GPTaku_mille_sunamelli.log
game23,http://133.167.32.100/aiwolf/2025/INLG/MainTruck5/log/1756197086_CamelliaDragons_CanisLupus_Character-Lab_kanolab-nw_sunamelli.log
game24,http://133.167.32.100/aiwolf/2025/INLG/MainTruck5/log/1756262936_Character-Lab_GPTaku_mille_sunamelli_yharada.log
game25,http://133.167.32.100/aiwolf/2025/INLG/MainTruck5/log/1756228773_CanisLupus_Character-Lab_kanolab-nw_mille_yharada.log
game26,http://133.167.32.100/aiwolf/2025/INLG/MainTruck5/log/1756190668_CamelliaDragons_CanisLupus_Character-Lab_kanolab-nw_sunamelli.log
game27,http://133.167.32.100/aiwolf/2025/INLG/MainTruck5/log/1756238582_CamelliaDragons_Character-Lab_mille_sunamelli_yharada.log
game28,http://133.167.32.100/aiwolf/2025/INLG/MainTruck5/log/1756235000_CamelliaDragons_CanisLupus_Character-Lab_kanolab-nw_yharada.log
game29,http://133.167.32.100/aiwolf/2025/INLG/MainTruck5/log/1756226483_CamelliaDragons_CanisLupus_Character-Lab_mille_yharada.log
game30,http://133.167.32.100/aiwolf/2025/INLG/MainTruck5/log/1756231889_CamelliaDragons_CanisLupus_kanolab-nw_mille_yharada.log
game31,http://133.167.32.100/aiwolf/2025/INLG/MainTruck5/log/1756139257_CanisLupus_Character-Lab_GPTaku_mille_sunamelli.log
game32,http://133.167.32.100/aiwolf/2025/INLG/MainTruck5/log/1756242793_Character-Lab_GPTaku_mille_sunamelli_yharada.log
game33,http://133.167.32.100/aiwolf/2025/INLG/MainTruck5/log/1756255086_CamelliaDragons_CanisLupus_GPTaku_mille_yharada.log
game34,http://133.167.32.100/aiwolf/2025/INLG/MainTruck5/log/1756209744_CamelliaDragons_GPTaku_kanolab-nw_mille_sunamelli.log
game35,http://133.167.32.100/aiwolf/2025/INLG/MainTruck5/log/1756207944_Character-Lab_GPTaku_kanolab-nw_mille_sunamelli.log
game36,http://133.167.32.100/aiwolf/2025/INLG/MainTruck5/log/1756207395_CamelliaDragons_CanisLupus_GPTaku_kanolab-nw_sunamelli.log
game37,http://133.167.32.100/aiwolf/2025/INLG/MainTruck5/log/1756181886_CamelliaDragons_CanisLupus_GPTaku_mille_sunamelli.log
game38,http://133.167.32.100/aiwolf/2025/INLG/MainTruck5/log/1756214750_CamelliaDragons_Character-Lab_GPTaku_sunamelli_yharada.log
game39,http://133.167.32.100/aiwolf/2025/INLG/MainTruck5/log/1756218077_CanisLupus_Character-Lab_GPTaku_kanolab-nw_mille.log
game40,http://133.167.32.100/aiwolf/2025/INLG/MainTruck5/log/1756183691_CamelliaDragons_CanisLupus_Character-Lab_mille_sunamelli.log
game41,http://133.167.32.100/aiwolf/2025/INLG/MainTruck5/log/1756221317_CanisLupus_GPTaku_kanolab-nw_mille_sunamelli.log
game42,http://133.167.32.100/aiwolf/2025/INLG/MainTruck5/log/1756227158_CanisLupus_kanolab-nw_mille_sunamelli_yharada.log
game43,http://133.167.32.100/aiwolf/2025/INLG/MainTruck5/log/1756194376_Character-Lab_GPTaku_kanolab-nw_mille_sunamelli.log
game44,http://133.167.32.100/aiwolf/2025/INLG/MainTruck5/log/1756252435_CanisLupus_kanolab-nw_mille_sunamelli_yharada.log
game45,http://133.167.32.100/aiwolf/2025/INLG/MainTruck5/log/1756185267_CanisLupus_Character-Lab_GPTaku_mille_sunamelli.log
game46,http://133.167.32.100/aiwolf/2025/INLG/MainTruck5/log/1756134325_CamelliaDragons_CanisLupus_GPTaku_mille_sunamelli.log
game47,http://133.167.32.100/aiwolf/2025/INLG/MainTruck5/log/1756200829_CamelliaDragons_CanisLupus_GPTaku_kanolab-nw_sunamelli.log
game48,http://133.167.32.100/aiwolf/2025/INLG/MainTruck5/log/1756233805_CamelliaDragons_CanisLupus_mille_sunamelli_yharada.log
game49,http://133.167.32.100/aiwolf/2025/INLG/MainTruck5/log/1756254099_CamelliaDragons_Character-Lab_kanolab-nw_mille_yharada.log
game50,http://133.167.32.100/aiwolf/2025/INLG/MainTruck5/log/1756181233_CanisLupus_Character-Lab_GPTaku_mille_sunamelli.log
game51,http://133.167.32.100/aiwolf/2025/INLG/MainTruck5/log/1756236437_CamelliaDragons_Character-Lab_mille_sunamelli_yharada.log
game52,http://133.167.32.100/aiwolf/2025/INLG/MainTruck5/log/1756255977_CamelliaDragons_CanisLupus_mille_sunamelli_yharada.log
game53,http://133.167.32.100/aiwolf/2025/INLG/MainTruck5/log/1756235432_CamelliaDragons_CanisLupus_Character-Lab_kanolab-nw_yharada.log
game54,http://133.167.32.100/aiwolf/2025/INLG/MainTruck5/log/1756213789_CamelliaDragons_kanolab-nw_mille_sunamelli_yharada.log
game55,http://133.167.32.100/aiwolf/2025/INLG/MainTruck5/log/1756231440_CamelliaDragons_CanisLupus_kanolab-nw_mille_yharada.log
game56,http://133.167.32.100/aiwolf/2025/INLG/MainTruck5/log/1756193622_CamelliaDragons_CanisLupus_kanolab-nw_mille_sunamelli.log
game57,http://133.167.32.100/aiwolf/2025/INLG/MainTruck5/log/1756268159_CanisLupus_Character-Lab_GPTaku_kanolab-nw_yharada.log
game58,http://133.167.32.100/aiwolf/2025/INLG/MainTruck5/log/1756183139_CamelliaDragons_CanisLupus_GPTaku_mille_sunamelli.log
game59,http://133.167.32.100/aiwolf/2025/INLG/MainTruck5/log/1756159385_CamelliaDragons_CanisLupus_Character-Lab_GPTaku_sunamelli.log
game60,http://133.167.32.100/aiwolf/2025/INLG/MainTruck5/log/1756214428_CamelliaDragons_Character-Lab_kanolab-nw_sunamelli_yharada.log
game61,http://133.167.32.100/aiwolf/2025/INLG/MainTruck5/log/1756215980_Character-Lab_GPTaku_mille_sunamelli_yharada.log
game62,http://133.167.32.100/aiwolf/2025/INLG/MainTruck5/log/1756192809_CamelliaDragons_CanisLupus_kanolab-nw_mille_sunamelli.log
game63,http://133.167.32.100/aiwolf/2025/INLG/MainTruck5/log/1756226133_CamelliaDragons_CanisLupus_GPTaku_kanolab-nw_yharada.log
game64,http://133.167.32.100/aiwolf/2025/INLG/MainTruck5/log/1756243217_CanisLupus_Character-Lab_GPTaku_sunamelli_yharada.log
game65,http://133.167.32.100/aiwolf/2025/INLG/MainTruck5/log/1756250358_CamelliaDragons_CanisLupus_Character-Lab_kanolab-nw_yharada.log
game66,http://133.167.32.100/aiwolf/2025/INLG/MainTruck5/log/1756237766_GPTaku_kanolab-nw_mille_sunamelli_yharada.log
game67,http://133.167.32.100/aiwolf/2025/INLG/MainTruck5/log/1756196073_CamelliaDragons_Character-Lab_kanolab-nw_mille_sunamelli.log
game68,http://133.167.32.100/aiwolf/2025/INLG/MainTruck5/log/1756231017_CamelliaDragons_CanisLupus_GPTaku_mille_yharada.log
game69,http://133.167.32.100/aiwolf/2025/INLG/MainTruck5/log/1756249485_CamelliaDragons_CanisLupus_GPTaku_kanolab-nw_yharada.log
game70,http://133.167.32.100/aiwolf/2025/INLG/MainTruck5/log/1756239494_CamelliaDragons_CanisLupus_GPTaku_kanolab-nw_yharada.log
game71,http://133.167.32.100/aiwolf/2025/INLG/MainTruck5/log/1756216517_CamelliaDragons_GPTaku_kanolab-nw_sunamelli_yharada.log
game72,http://133.167.32.100/aiwolf/2025/INLG/MainTruck5/log/1756224238_CamelliaDragons_GPTaku_kanolab-nw_sunamelli_yharada.log
game73,http://133.167.32.100/aiwolf/2025/INLG/MainTruck5/log/1756216887_CamelliaDragons_Character-Lab_GPTaku_kanolab-nw_yharada.log
game74,http://133.167.32.100/aiwolf/2025/INLG/MainTruck5/log/1756224615_CanisLupus_Character-Lab_GPTaku_mille_yharada.log
game75,http://133.167.32.100/aiwolf/2025/INLG/MainTruck5/log/1756244469_CanisLupus_Character-Lab_GPTaku_kanolab-nw_yharada.log
game76,http://133.167.32.100/aiwolf/2025/INLG/MainTruck5/log/1756192018_CamelliaDragons_Character-Lab_GPTaku_kanolab-nw_mille.log
game77,http://133.167.32.100/aiwolf/2025/INLG/MainTruck5/log/1756254534_CamelliaDragons_CanisLupus_GPTaku_kanolab-nw_yharada.log
game78,http://133.167.32.100/aiwolf/2025/INLG/MainTruck5/log/1756250030_CamelliaDragons_GPTaku_kanolab-nw_sunamelli_yharada.log
game79,http://133.167.32.100/aiwolf/2025/INLG/MainTruck5/log/1756248898_CamelliaDragons_CanisLupus_GPTaku_mille_yharada.log
game80,http://133.167.32.100/aiwolf/2025/INLG/MainTruck5/log/1756198929_CamelliaDragons_CanisLupus_kanolab-nw_mille_sunamelli.log
game81,http://133.167.32.100/aiwolf/2025/INLG/MainTruck5/log/1756135239_CamelliaDragons_CanisLupus_Character-Lab_GPTaku_sunamelli.log
game82,http://133.167.32.100/aiwolf/2025/INLG/MainTruck5/log/1756251045_CamelliaDragons_Character-Lab_kanolab-nw_mille_yharada.log
game83,http://133.167.32.100/aiwolf/2025/INLG/MainTruck5/log/1756263841_CamelliaDragons_Character-Lab_GPTaku_sunamelli_yharada.log
game84,http://133.167.32.100/aiwolf/2025/INLG/MainTruck5/log/1756219881_CamelliaDragons_Character-Lab_GPTaku_sunamelli_yharada.log
game85,http://133.167.32.100/aiwolf/2025/INLG/MainTruck5/log/1756190078_CamelliaDragons_CanisLupus_Character-Lab_kanolab-nw_sunamelli.log
game86,http://133.167.32.100/aiwolf/2025/INLG/MainTruck5/log/1756217267_CanisLupus_GPTaku_kanolab-nw_mille_sunamelli.log
game87,http://133.167.32.100/aiwolf/2025/INLG/MainTruck5/log/1756138232_CamelliaDragons_CanisLupus_Character-Lab_GPTaku_sunamelli.log
game88,http://133.167.32.100/aiwolf/2025/INLG/MainTruck5/log/1756215171_GPTaku_kanolab-nw_mille_sunamelli_yharada.log
game89,http://133.167.32.100/aiwolf/2025/INLG/MainTruck5/log/1756237228_CanisLupus_Character-Lab_mille_sunamelli_yharada.log
game90,http://133.167.32.100/aiwolf/2025/INLG/MainTruck5/log/1756245520_CamelliaDragons_CanisLupus_GPTaku_mille_yharada.log
game91,http://133.167.32.100/aiwolf/2025/INLG/MainTruck5/log/1756185996_CamelliaDragons_CanisLupus_Character-Lab_GPTaku_mille.log
game92,http://133.167.32.100/aiwolf/2025/INLG/MainTruck5/log/1756230255_CanisLupus_GPTaku_mille_sunamelli_yharada.log
game93,http://133.167.32.100/aiwolf/2025/INLG/MainTruck5/log/1756229556_CanisLupus_Character-Lab_kanolab-nw_sunamelli_yharada.log
game94,http://133.167.32.100/aiwolf/2025/INLG/MainTruck5/log/1756241678_Character-Lab_kanolab-nw_mille_sunamelli_yharada.log
game95,http://133.167.32.100/aiwolf/2025/INLG/MainTruck5/log/1756227627_CamelliaDragons_CanisLupus_kanolab-nw_mille_yharada.log
game96,http://133.167.32.100/aiwolf/2025/INLG/MainTruck5/log/1756223274_CamelliaDragons_GPTaku_mille_sunamelli_yharada.log
game97,http://133.167.32.100/aiwolf/2025/INLG/MainTruck5/log/1756242232_CanisLupus_Character-Lab_kanolab-nw_sunamelli_yharada.log
game98,http://133.167.32.100/aiwolf/2025/INLG/MainTruck5/log/1756247489_CamelliaDragons_GPTaku_kanolab-nw_mille_yharada.log
game99,http://133.167.32.100/aiwolf/2025/INLG/MainTruck5/log/1756247740_Character-Lab_kanolab-nw_mille_sunamelli_yharada.log
game100,http://133.167.32.100/aiwolf/2025/INLG/MainTruck5/log/1756218644_CamelliaDragons_CanisLupus_GPTaku_sunamelli_yharada.log
game101,http://133.167.32.100/aiwolf/2025/INLG/MainTruck5/log/1756192470_CamelliaDragons_Character-Lab_GPTaku_kanolab-nw_sunamelli.log
game102,http://133.167.32.100/aiwolf/2025/INLG/MainTruck5/log/1756246515_Character-Lab_kanolab-nw_mille_sunamelli_yharada.log
game103,http://133.167.32.100/aiwolf/2025/INLG/MainTruck5/log/1756219129_CanisLupus_GPTaku_kanolab-nw_mille_sunamelli.log
game104,http://133.167.32.100/aiwolf/2025/INLG/MainTruck5/log/1756243703_CamelliaDragons_CanisLupus_mille_sunamelli_yharada.log
game105,http://133.167.32.100/aiwolf/2025/INLG/MainTruck5/log/1756205656_CamelliaDragons_Character-Lab_GPTaku_kanolab-nw_mille.log
game106,http://133.167.32.100/aiwolf/2025/INLG/MainTruck5/log/1756220320_CanisLupus_GPTaku_kanolab-nw_mille_sunamelli.log
game107,http://133.167.32.100/aiwolf/2025/INLG/MainTruck5/log/1756246062_CanisLupus_Character-Lab_kanolab-nw_sunamelli_yharada.log
game108,http://133.167.32.100/aiwolf/2025/INLG/MainTruck5/log/1756239822_CamelliaDragons_GPTaku_kanolab-nw_mille_yharada.log
game109,http://133.167.32.100/aiwolf/2025/INLG/MainTruck5/log/1756240939_CamelliaDragons_CanisLupus_Character-Lab_mille_yharada.log
game110,http://133.167.32.100/aiwolf/2025/INLG/MainTruck5/log/1756256636_CamelliaDragons_kanolab-nw_mille_sunamelli_yharada.log
game111,http://133.167.32.100/aiwolf/2025/INLG/MainTruck5/log/1756193305_CamelliaDragons_Character-Lab_GPTaku_kanolab-nw_sunamelli.log
game112,http://133.167.32.100/aiwolf/2025/INLG/MainTruck5/log/1756199496_CamelliaDragons_CanisLupus_Character-Lab_GPTaku_kanolab-nw.log
game113,http://133.167.32.100/aiwolf/2025/INLG/MainTruck5/log/1756244910_CamelliaDragons_CanisLupus_kanolab-nw_sunamelli_yharada.log
game114,http://133.167.32.100/aiwolf/2025/INLG/MainTruck5/log/1756206982_Character-Lab_GPTaku_kanolab-nw_mille_sunamelli.log
game115,http://133.167.32.100/aiwolf/2025/INLG/MainTruck5/log/1756253129_CamelliaDragons_CanisLupus_GPTaku_sunamelli_yharada.log
game116,http://133.167.32.100/aiwolf/2025/INLG/MainTruck5/log/1756208456_Character-Lab_GPTaku_kanolab-nw_mille_sunamelli.log
game117,http://133.167.32.100/aiwolf/2025/INLG/MainTruck5/log/1756223556_CamelliaDragons_CanisLupus_Character-Lab_kanolab-nw_mille.log
game118,http://133.167.32.100/aiwolf/2025/INLG/MainTruck5/log/1756136419_CamelliaDragons_CanisLupus_Character-Lab_GPTaku_mille.log
game119,http://133.167.32.100/aiwolf/2025/INLG/MainTruck5/log/1756234323_CamelliaDragons_Character-Lab_GPTaku_mille_yharada.log
game120,http://133.167.32.100/aiwolf/2025/INLG/MainTruck5/log/1756267323_CanisLupus_Character-Lab_GPTaku_mille_yharada.log
